{
    "apple_min_diameter_mm": 87.10781819856727,
    "apple_max_diameter_mm": 89.82866596072255,
    "apple_min_area_mm2": 5959.422186257124,
    "apple_max_area_mm2": 6337.5264,
    "apple_hsv_ranges": [
        {
            "lower": [
                0,
                117,
                190
            ],
            "upper": [
                178,
                247,
                255
            ]
        }
    ]
}